                  epoch,         train/box_loss,         train/cls_loss,         train/dfl_loss,   metrics/precision(B),      metrics/recall(B),       metrics/mAP50(B),    metrics/mAP50-95(B),           val/box_loss,           val/cls_loss,           val/dfl_loss,                 lr/pg0,                 lr/pg1,                 lr/pg2
                      1,                 1.7331,                  1.547,                 1.1187,                0.05608,                0.01217,                0.01412,                 0.0062,                 1.9259,                 3.5076,                 1.4895,                 0.0784,                 0.0024,                 0.0024
                      2,                 1.6105,                0.91773,                 1.1115,                0.27232,                 0.5355,                0.39763,                0.18323,                 1.7183,                 8.5883,                 1.3318,                0.05493,              0.0039298,              0.0039298
                      3,                 1.5463,                0.81218,                 1.0727,                0.62618,                0.59229,                0.64811,                0.31953,                 1.6846,                 1.3614,                 1.1817,                0.03047,              0.0044696,              0.0044696
                      4,                 1.5302,                0.76947,                 1.0777,                0.82315,                0.78359,                 0.8318,                0.41442,                 1.4553,                 1.0072,                 1.1295,              0.0050194,              0.0040194,              0.0040194
                      5,                 1.4361,                0.71003,                 1.0414,                0.80326,                0.90268,                0.89931,                0.42053,                 1.5522,                0.82796,                 1.1089,                0.00208,                0.00208,                0.00208
